{
    "const_rho": 0,
    "k_rho": 0.0007,
    "amplitude_rho": 0,
    "omega": 0,
    "start_phi": 0,
    "Delta": 0.00002,
    "M": 6,
    "lambda_i": [0.0127, 0.0317, 0.115, 0.311, 1.4, 3.87],
    "beta_i": [0.000266, 0.001491, 0.001316, 0.002849, 0.000896, 0.000182],
    "Q": 0,
    "h": 0.001,
    "T_max": 10,
    "m_0": 1,
    "N_0": 1,
    "C_i_0": [0, 0, 0, 0, 0, 0]
}
